{
  "center_yaw_deg": 179.22072099766893,
  "center_pitch_deg": -167.50716242466407,
  "calibrated": true
}