{
  "center_yaw_deg": 177.69662080382068,
  "center_pitch_deg": -167.64791560085547,
  "calibrated": true
}