{
  "center_yaw_deg": 178.00668865846285,
  "center_pitch_deg": -165.7371092507609,
  "calibrated": true
}