{
  "center_yaw_deg": 178.3472206242368,
  "center_pitch_deg": 165.37627467557314,
  "calibrated": true
}