{
  "center_yaw_deg": -179.09650303554884,
  "center_pitch_deg": -167.88607612057314,
  "calibrated": true
}