{
  "center_yaw_deg": -178.82894576854648,
  "center_pitch_deg": 163.50253978190307,
  "calibrated": true
}