{
  "center_yaw_deg": 175.74895823908042,
  "center_pitch_deg": 160.6407029169033,
  "calibrated": true
}