{
  "center_yaw_deg": 178.52954473158724,
  "center_pitch_deg": 166.75361855214294,
  "calibrated": true
}