{
  "center_yaw_deg": 178.1659186794771,
  "center_pitch_deg": 165.27639420544114,
  "calibrated": true
}