{
<<<<<<< Updated upstream
  "center_yaw_deg": 179.43574090558945,
  "center_pitch_deg": 177.23317064260925,
=======
  "center_yaw_deg": 175.05095299539965,
  "center_pitch_deg": 178.90079551901226,
>>>>>>> Stashed changes
  "calibrated": true
}