{
  "center_yaw_deg": 179.43574090558945,
  "center_pitch_deg": 177.23317064260925,
  "calibrated": true
}